FPN,PKGD,TSTD,ASMBLD,MODULE,CHIP,DIE,WAFER,FAB_OUT,RAW
FPN-0001,PKGD-0001,TSTD-0001,ASMBLD-0001,,,,,,
FPN-0002,PKGD-0002,TSTD-0002,ASMBLD-0002,,,,,,
FPN-0003,PKGD-0003,TSTD-0003,ASMBLD-0003,MODULE-0003-A,CHIP-0003-01,DIE-0301,WAFER-0301,FAB-0301,RAW-0301
FPN-0003,PKGD-0003,TSTD-0003,ASMBLD-0003,MODULE-0003-A,CHIP-0003-02,DIE-0302,WAFER-0302,FAB-0302,RAW-0302
FPN-0004,PKGD-0004,TSTD-0004,ASMBLD-0004,,,,,,
FPN-0005,PKGD-0005,TSTD-0005,ASMBLD-0005,MODULE-0005-A,CHIP-0005-01,DIE-0501,WAFER-0501,FAB-0501,RAW-0501
FPN-0005,PKGD-0005,TSTD-0005,ASMBLD-0005,MODULE-0005-B,CHIP-0005-01,DIE-0501,WAFER-0501,FAB-0501,RAW-0501
FPN-0005,PKGD-0005,TSTD-0005,ASMBLD-0005,MODULE-0005-B,CHIP-0005-02,DIE-0502,WAFER-0502,FAB-0502,RAW-0502
FPN-0006,PKGD-0006,TSTD-0006,ASMBLD-0006,MODULE-0006-A,CHIP-0006-01,DIE-0601,WAFER-0601,FAB-0601,RAW-0601
FPN-0006,PKGD-0006,TSTD-0006,ASMBLD-0006,MODULE-0006-A,CHIP-0006-02,DIE-0602,WAFER-0602,FAB-0602,RAW-0602
FPN-0006,PKGD-0006,TSTD-0006,ASMBLD-0006,MODULE-0006-B,CHIP-0006-03,DIE-0603,WAFER-0603,FAB-0603,RAW-0603
FPN-0006,PKGD-0006,TSTD-0006,ASMBLD-0006,MODULE-0006-B,CHIP-0006-02,DIE-0602,WAFER-0602,FAB-0602,RAW-0602
FPN-0007,PKGD-0007,TSTD-0007,ASMBLD-0007,MODULE-0007-A,CHIP-0007-01,DIE-0701,WAFER-0701,FAB-0701,RAW-0701
FPN-0007,PKGD-0007,TSTD-0007,ASMBLD-0007,MODULE-0007-A,CHIP-0007-02,DIE-0702,WAFER-0702,FAB-0702,RAW-0702
FPN-0007,PKGD-0007,TSTD-0007,ASMBLD-0007,MODULE-0007-B,CHIP-0007-03,DIE-0703,WAFER-0703,FAB-0703,RAW-0703
FPN-0007,PKGD-0007,TSTD-0007,ASMBLD-0007,MODULE-0007-B,CHIP-0007-04,DIE-0704,WAFER-0704,FAB-0704,RAW-0704
FPN-0007,PKGD-0007,TSTD-0007,ASMBLD-0007,MODULE-0007-C,CHIP-0007-02,DIE-0702,WAFER-0702,FAB-0702,RAW-0702
FPN-0007,PKGD-0007,TSTD-0007,ASMBLD-0007,MODULE-0007-C,CHIP-0007-05,DIE-0705,WAFER-0705,FAB-0705,RAW-0705
FPN-0008,PKGD-0008,TSTD-0008,ASMBLD-0008,MODULE-0008-A,CHIP-0008-01,DIE-0801,WAFER-0801,FAB-0801,RAW-0801
FPN-0008,PKGD-0008,TSTD-0008,ASMBLD-0008,MODULE-0008-A,CHIP-0008-02,DIE-0802,WAFER-0802,FAB-0802,RAW-0802
FPN-0008,PKGD-0008,TSTD-0008,ASMBLD-0008,MODULE-0008-B,CHIP-0008-03,DIE-0803,WAFER-0803,FAB-0803,RAW-0803
FPN-0008,PKGD-0008,TSTD-0008,ASMBLD-0008,MODULE-0008-B,CHIP-0008-04,DIE-0804,WAFER-0804,FAB-0804,RAW-0804
FPN-0009,PKGD-0009,TSTD-0009,ASMBLD-0009,,,,,,
FPN-0010,PKGD-0010,TSTD-0010,ASMBLD-0010,,,,,,
FPN-0011,PKGD-0011,TSTD-0011,ASMBLD-0011,MODULE-0011-A,CHIP-0011-01,DIE-1101,WAFER-1101,FAB-1101,RAW-1101
FPN-0011,PKGD-0011,TSTD-0011,ASMBLD-0011,MODULE-0011-A,CHIP-0011-02,DIE-1102,WAFER-1102,FAB-1102,RAW-1102
FPN-0011,PKGD-0011,TSTD-0011,ASMBLD-0011,MODULE-0011-B,CHIP-0011-03,DIE-1103,WAFER-1103,FAB-1103,RAW-1103
FPN-0011,PKGD-0011,TSTD-0011,ASMBLD-0011,MODULE-0011-B,CHIP-0011-04,DIE-1104,WAFER-1104,FAB-1104,RAW-1104
FPN-0011,PKGD-0011,TSTD-0011,ASMBLD-0011,MODULE-0011-C,CHIP-0011-05,DIE-1105,WAFER-1105,FAB-1105,RAW-1105
FPN-0011,PKGD-0011,TSTD-0011,ASMBLD-0011,MODULE-0011-C,CHIP-0011-06,DIE-1106,WAFER-1106,FAB-1106,RAW-1106
FPN-0012,PKGD-0012,TSTD-0012,ASMBLD-0012,MODULE-0012-A,CHIP-0012-01,DIE-1201,WAFER-1201,FAB-1201,RAW-1201
FPN-0012,PKGD-0012,TSTD-0012,ASMBLD-0012,MODULE-0012-A,CHIP-0012-02,DIE-1202,WAFER-1202,FAB-1202,RAW-1202
FPN-0012,PKGD-0012,TSTD-0012,ASMBLD-0012,MODULE-0012-B,CHIP-0012-03,DIE-1203,WAFER-1203,FAB-1203,RAW-1203
FPN-0012,PKGD-0012,TSTD-0012,ASMBLD-0012,MODULE-0012-B,CHIP-0012-04,DIE-1204,WAFER-1204,FAB-1204,RAW-1204
FPN-0012,PKGD-0012,TSTD-0012,ASMBLD-0012,MODULE-0012-C,CHIP-0012-05,DIE-1205,WAFER-1205,FAB-1205,RAW-1205
FPN-0012,PKGD-0012,TSTD-0012,ASMBLD-0012,MODULE-0012-C,CHIP-0012-06,DIE-1206,WAFER-1206,FAB-1206,RAW-1206
FPN-0013,PKGD-0013,TSTD-0013,ASMBLD-0013,,,,,,
FPN-0014,PKGD-0014,TSTD-0014,ASMBLD-0014,MODULE-0014-A,CHIP-0014-01,DIE-1401,WAFER-1401,FAB-1401,RAW-1401
FPN-0014,PKGD-0014,TSTD-0014,ASMBLD-0014,MODULE-0014-B,CHIP-0014-02,DIE-1402,WAFER-1402,FAB-1402,RAW-1402
FPN-0014,PKGD-0014,TSTD-0014,ASMBLD-0014,MODULE-0014-B,CHIP-0014-03,DIE-1403,WAFER-1403,FAB-1403,RAW-1403
FPN-0014,PKGD-0014,TSTD-0014,ASMBLD-0014,MODULE-0014-C,CHIP-0014-02,DIE-1402,WAFER-1402,FAB-1402,RAW-1402
FPN-0014,PKGD-0014,TSTD-0014,ASMBLD-0014,MODULE-0014-C,CHIP-0014-04,DIE-1404,WAFER-1404,FAB-1404,RAW-1404
FPN-0015,PKGD-0015,TSTD-0015,ASMBLD-0015,MODULE-0015-A,CHIP-0015-01,DIE-1501,WAFER-1501,FAB-1501,RAW-1501
FPN-0015,PKGD-0015,TSTD-0015,ASMBLD-0015,MODULE-0015-A,CHIP-0015-02,DIE-1502,WAFER-1502,FAB-1502,RAW-1502
FPN-0016,PKGD-0016,TSTD-0016,ASMBLD-0016,MODULE-0016-A,CHIP-0016-01,DIE-1601,WAFER-1601,FAB-1601,RAW-1601
FPN-0016,PKGD-0016,TSTD-0016,ASMBLD-0016,MODULE-0016-A,CHIP-0016-02,DIE-1602,WAFER-1602,FAB-1602,RAW-1602
FPN-0017,PKGD-0017,TSTD-0017,ASMBLD-0017,MODULE-0017-A,CHIP-0017-01,DIE-1701,WAFER-1701,FAB-1701,RAW-1701
FPN-0018,PKGD-0018,TSTD-0018,ASMBLD-0018,MODULE-0018-A,CHIP-0018-01,DIE-1801,WAFER-1801,FAB-1801,RAW-1801
FPN-0018,PKGD-0018,TSTD-0018,ASMBLD-0018,MODULE-0018-A,CHIP-0018-02,DIE-1802,WAFER-1802,FAB-1802,RAW-1802
FPN-0018,PKGD-0018,TSTD-0018,ASMBLD-0018,MODULE-0018-B,CHIP-0018-01,DIE-1801,WAFER-1801,FAB-1801,RAW-1801
FPN-0018,PKGD-0018,TSTD-0018,ASMBLD-0018,MODULE-0018-B,CHIP-0018-03,DIE-1803,WAFER-1803,FAB-1803,RAW-1803
FPN-0019,PKGD-0019,TSTD-0019,ASMBLD-0019,MODULE-0019-A,CHIP-0019-01,DIE-1901,WAFER-1901,FAB-1901,RAW-1901
FPN-0019,PKGD-0019,TSTD-0019,ASMBLD-0019,MODULE-0019-A,CHIP-0019-02,DIE-1902,WAFER-1902,FAB-1902,RAW-1902
FPN-0019,PKGD-0019,TSTD-0019,ASMBLD-0019,MODULE-0019-B,CHIP-0019-02,DIE-1902,WAFER-1902,FAB-1902,RAW-1902
FPN-0019,PKGD-0019,TSTD-0019,ASMBLD-0019,MODULE-0019-B,CHIP-0019-03,DIE-1903,WAFER-1903,FAB-1903,RAW-1903
FPN-0020,PKGD-0020,TSTD-0020,ASMBLD-0020,MODULE-0020-A,CHIP-0020-01,DIE-2001,WAFER-2001,FAB-2001,RAW-2001
FPN-0020,PKGD-0020,TSTD-0020,ASMBLD-0020,MODULE-0020-B,CHIP-0020-02,DIE-2002,WAFER-2002,FAB-2002,RAW-2002
FPN-0020,PKGD-0020,TSTD-0020,ASMBLD-0020,MODULE-0020-C,CHIP-0020-03,DIE-2003,WAFER-2003,FAB-2003,RAW-2003
FPN-0020,PKGD-0020,TSTD-0020,ASMBLD-0020,MODULE-0020-C,CHIP-0020-02,DIE-2002,WAFER-2002,FAB-2002,RAW-2002
