HDR_MATERIAL,HDR_MATL_GROUP,COMP_MATERIAL,COMP_MATL_GROUP,COMP_QTY,HEADER_QTY,PLANT,BOM_ALT,BOM_STATUS,BOM_USG,ITEM_NO,VALID_FROM,VALID_TO,DEL_FLAG
FPN-0001,FPN,PKGD-0001,PKGD,1,1,PLT03,01,01,1,10,2025-02-21,2027-09-18,
PKGD-0001,PKGD,TSTD-0001,TSTD,1,1,PLT03,01,01,1,10,2026-07-18,2027-09-21,
TSTD-0001,TSTD,ASMBLD-0001,ASMBLD,1,1,PLT03,01,01,1,10,2026-04-03,2027-02-19,
FPN-0002,FPN,PKGD-0002,PKGD,1,1,PLT03,01,01,1,10,2027-05-15,2027-12-13,
PKGD-0002,PKGD,TSTD-0002,TSTD,1,1,PLT03,01,01,1,10,2025-03-03,2025-12-03,
TSTD-0002,TSTD,ASMBLD-0002,ASMBLD,1,1,PLT03,01,01,1,10,2026-03-24,2027-05-16,
FPN-0003,FPN,PKGD-0003,PKGD,1,1,PLT03,01,01,1,10,2027-05-10,2028-06-18,
PKGD-0003,PKGD,TSTD-0003,TSTD,1,1,PLT03,01,01,1,10,2027-07-09,2029-08-30,
TSTD-0003,TSTD,ASMBLD-0003,ASMBLD,1,1,PLT03,01,01,1,10,2026-07-24,2027-01-26,
ASMBLD-0003,ASMBLD,MODULE-0003-A,MODULE,1,1,PLT03,01,01,1,10,2027-05-16,2028-10-25,
MODULE-0003-A,MODULE,CHIP-0003-01,CHIP,2,1,PLT03,01,01,1,37,2026-11-21,2027-09-01,
MODULE-0003-A,MODULE,CHIP-0003-02,CHIP,1,1,PLT03,01,01,1,58,2025-07-18,2027-01-16,
CHIP-0003-01,CHIP,DIE-0301,DIE,3,1,PLT03,01,01,1,10,2026-06-26,2027-02-05,
DIE-0301,DIE,WAFER-0301,WAFER,4,1,PLT03,01,01,1,10,2025-09-13,2027-04-03,
WAFER-0301,WAFER,FAB-0301,FAB_OUT,1,1,PLT03,01,01,1,10,2026-08-24,2028-11-24,
FAB-0301,FAB_OUT,RAW-0301,RAW,3,1,PLT03,01,01,1,10,2027-01-11,2029-02-20,
CHIP-0003-02,CHIP,DIE-0302,DIE,2,1,PLT03,01,01,1,10,2025-05-23,2026-01-04,
DIE-0302,DIE,WAFER-0302,WAFER,2,1,PLT03,01,01,1,10,2026-08-16,2027-05-04,
WAFER-0302,WAFER,FAB-0302,FAB_OUT,1,1,PLT03,01,01,1,10,2025-07-26,2027-02-15,
FAB-0302,FAB_OUT,RAW-0302,RAW,2,1,PLT03,01,01,1,10,2027-07-18,2029-10-25,
FPN-0004,FPN,PKGD-0004,PKGD,1,1,PLT02,01,01,1,10,2027-01-29,2028-07-25,
PKGD-0004,PKGD,TSTD-0004,TSTD,1,1,PLT02,01,01,1,10,2026-03-06,2028-07-19,
TSTD-0004,TSTD,ASMBLD-0004,ASMBLD,1,1,PLT02,01,01,1,10,2026-07-01,2028-12-15,
FPN-0005,FPN,PKGD-0005,PKGD,1,1,PLT03,01,01,1,10,2027-12-30,2030-07-13,
PKGD-0005,PKGD,TSTD-0005,TSTD,1,1,PLT03,01,01,1,10,2026-05-17,2027-04-29,
TSTD-0005,TSTD,ASMBLD-0005,ASMBLD,1,1,PLT03,01,01,1,10,2027-08-05,2029-02-23,
ASMBLD-0005,ASMBLD,MODULE-0005-A,MODULE,1,1,PLT03,01,01,1,10,2026-03-26,2028-08-23,
ASMBLD-0005,ASMBLD,MODULE-0005-B,MODULE,1,1,PLT03,01,01,1,20,2026-10-27,2029-06-19,
MODULE-0005-A,MODULE,CHIP-0005-01,CHIP,2,1,PLT03,01,01,1,14,2026-10-09,2028-05-21,
MODULE-0005-B,MODULE,CHIP-0005-01,CHIP,2,1,PLT03,01,01,1,73,2027-03-22,2029-07-07,
MODULE-0005-B,MODULE,CHIP-0005-02,CHIP,4,1,PLT03,01,01,1,28,2026-06-27,2027-05-15,
CHIP-0005-01,CHIP,DIE-0501,DIE,2,1,PLT03,01,01,1,10,2026-06-23,2029-01-22,
DIE-0501,DIE,WAFER-0501,WAFER,4,1,PLT03,01,01,1,10,2027-03-29,2028-09-29,
WAFER-0501,WAFER,FAB-0501,FAB_OUT,1,1,PLT03,01,01,1,10,2025-10-11,2027-09-12,
FAB-0501,FAB_OUT,RAW-0501,RAW,2,1,PLT03,01,01,1,10,2025-07-06,2028-02-14,
CHIP-0005-02,CHIP,DIE-0502,DIE,1,1,PLT03,01,01,1,10,2025-08-13,2026-07-15,
DIE-0502,DIE,WAFER-0502,WAFER,2,1,PLT03,01,01,1,10,2027-05-15,2029-07-13,
WAFER-0502,WAFER,FAB-0502,FAB_OUT,1,1,PLT03,01,01,1,10,2027-02-28,2028-09-20,
FAB-0502,FAB_OUT,RAW-0502,RAW,3,1,PLT03,01,01,1,10,2027-08-17,2029-08-07,
FPN-0006,FPN,PKGD-0006,PKGD,1,1,PLT02,01,01,1,10,2025-08-23,2028-01-18,
PKGD-0006,PKGD,TSTD-0006,TSTD,1,1,PLT02,01,01,1,10,2026-07-01,2029-02-22,
TSTD-0006,TSTD,ASMBLD-0006,ASMBLD,1,1,PLT02,01,01,1,10,2026-11-28,2027-09-18,
ASMBLD-0006,ASMBLD,MODULE-0006-A,MODULE,1,1,PLT02,01,01,1,10,2027-06-10,2028-05-16,
ASMBLD-0006,ASMBLD,MODULE-0006-B,MODULE,1,1,PLT02,01,01,1,20,2027-07-19,2028-01-18,
MODULE-0006-A,MODULE,CHIP-0006-01,CHIP,2,1,PLT02,01,01,1,74,2025-08-06,2027-11-04,
MODULE-0006-A,MODULE,CHIP-0006-02,CHIP,3,1,PLT02,01,01,1,74,2026-02-12,2027-01-14,
MODULE-0006-B,MODULE,CHIP-0006-03,CHIP,1,1,PLT02,01,01,1,86,2026-10-26,2028-09-05,
MODULE-0006-B,MODULE,CHIP-0006-02,CHIP,3,1,PLT02,01,01,1,40,2025-04-29,2026-06-29,
CHIP-0006-01,CHIP,DIE-0601,DIE,1,1,PLT02,01,01,1,10,2025-06-25,2028-01-10,
DIE-0601,DIE,WAFER-0601,WAFER,4,1,PLT02,01,01,1,10,2025-05-22,2028-01-05,
WAFER-0601,WAFER,FAB-0601,FAB_OUT,1,1,PLT02,01,01,1,10,2025-09-20,2028-01-23,
FAB-0601,FAB_OUT,RAW-0601,RAW,2,1,PLT02,01,01,1,10,2025-12-05,2027-03-01,
CHIP-0006-02,CHIP,DIE-0602,DIE,4,1,PLT02,01,01,1,10,2026-03-10,2028-03-11,
DIE-0602,DIE,WAFER-0602,WAFER,2,1,PLT02,01,01,1,10,2026-10-01,2028-05-11,
WAFER-0602,WAFER,FAB-0602,FAB_OUT,2,1,PLT02,01,01,1,10,2027-06-17,2029-05-26,
FAB-0602,FAB_OUT,RAW-0602,RAW,2,1,PLT02,01,01,1,10,2025-09-05,2026-11-12,
CHIP-0006-03,CHIP,DIE-0603,DIE,2,1,PLT02,01,01,1,10,2025-05-12,2026-10-20,
DIE-0603,DIE,WAFER-0603,WAFER,1,1,PLT02,01,01,1,10,2026-04-17,2028-06-07,
WAFER-0603,WAFER,FAB-0603,FAB_OUT,1,1,PLT02,01,01,1,10,2025-01-15,2025-09-24,
FAB-0603,FAB_OUT,RAW-0603,RAW,3,1,PLT02,01,01,1,10,2025-05-01,2026-06-19,
FPN-0007,FPN,PKGD-0007,PKGD,1,1,PLT01,01,01,1,10,2026-11-08,2027-07-18,
PKGD-0007,PKGD,TSTD-0007,TSTD,1,1,PLT01,01,01,1,10,2027-11-19,2029-01-15,
TSTD-0007,TSTD,ASMBLD-0007,ASMBLD,1,1,PLT01,01,01,1,10,2026-07-25,2028-12-06,
ASMBLD-0007,ASMBLD,MODULE-0007-A,MODULE,1,1,PLT01,01,01,1,10,2026-03-15,2028-03-16,
ASMBLD-0007,ASMBLD,MODULE-0007-B,MODULE,1,1,PLT01,01,01,1,20,2025-09-28,2028-04-05,
ASMBLD-0007,ASMBLD,MODULE-0007-C,MODULE,1,1,PLT01,01,01,1,30,2027-08-27,2028-10-28,
MODULE-0007-A,MODULE,CHIP-0007-01,CHIP,4,1,PLT01,01,01,1,34,2025-07-13,2026-04-18,
MODULE-0007-A,MODULE,CHIP-0007-02,CHIP,4,1,PLT01,01,01,1,55,2027-05-18,2029-01-07,
MODULE-0007-B,MODULE,CHIP-0007-03,CHIP,1,1,PLT01,01,01,1,22,2025-05-05,2026-12-18,
MODULE-0007-B,MODULE,CHIP-0007-04,CHIP,1,1,PLT01,01,01,1,41,2026-01-28,2027-02-06,
MODULE-0007-C,MODULE,CHIP-0007-02,CHIP,3,1,PLT01,01,01,1,69,2026-05-27,2027-02-08,
MODULE-0007-C,MODULE,CHIP-0007-05,CHIP,1,1,PLT01,01,01,1,16,2025-01-31,2025-11-02,
CHIP-0007-01,CHIP,DIE-0701,DIE,2,1,PLT01,01,01,1,10,2025-12-07,2027-07-26,
DIE-0701,DIE,WAFER-0701,WAFER,4,1,PLT01,01,01,1,10,2027-09-13,2028-10-15,
WAFER-0701,WAFER,FAB-0701,FAB_OUT,2,1,PLT01,01,01,1,10,2025-05-01,2026-04-14,
FAB-0701,FAB_OUT,RAW-0701,RAW,2,1,PLT01,01,01,1,10,2025-01-05,2026-08-07,
CHIP-0007-02,CHIP,DIE-0702,DIE,3,1,PLT01,01,01,1,10,2027-07-21,2028-11-04,
DIE-0702,DIE,WAFER-0702,WAFER,4,1,PLT01,01,01,1,10,2027-09-24,2028-08-27,
WAFER-0702,WAFER,FAB-0702,FAB_OUT,1,1,PLT01,01,01,1,10,2026-08-31,2027-10-07,
FAB-0702,FAB_OUT,RAW-0702,RAW,1,1,PLT01,01,01,1,10,2025-05-05,2027-12-06,
CHIP-0007-03,CHIP,DIE-0703,DIE,3,1,PLT01,01,01,1,10,2025-04-28,2025-12-15,
DIE-0703,DIE,WAFER-0703,WAFER,4,1,PLT01,01,01,1,10,2027-10-27,2029-10-19,
WAFER-0703,WAFER,FAB-0703,FAB_OUT,1,1,PLT01,01,01,1,10,2025-04-27,2027-03-28,
FAB-0703,FAB_OUT,RAW-0703,RAW,1,1,PLT01,01,01,1,10,2026-01-16,2026-09-23,
CHIP-0007-04,CHIP,DIE-0704,DIE,1,1,PLT01,01,01,1,10,2026-04-27,2027-12-11,
DIE-0704,DIE,WAFER-0704,WAFER,1,1,PLT01,01,01,1,10,2026-05-20,2028-06-30,
WAFER-0704,WAFER,FAB-0704,FAB_OUT,1,1,PLT01,01,01,1,10,2025-06-17,2027-02-16,
FAB-0704,FAB_OUT,RAW-0704,RAW,3,1,PLT01,01,01,1,10,2027-12-07,2029-04-23,
CHIP-0007-05,CHIP,DIE-0705,DIE,3,1,PLT01,01,01,1,10,2026-02-23,2028-07-07,
DIE-0705,DIE,WAFER-0705,WAFER,3,1,PLT01,01,01,1,10,2026-05-04,2027-07-29,
WAFER-0705,WAFER,FAB-0705,FAB_OUT,2,1,PLT01,01,01,1,10,2025-09-26,2028-02-10,
FAB-0705,FAB_OUT,RAW-0705,RAW,3,1,PLT01,01,01,1,10,2026-09-07,2028-06-16,
FPN-0008,FPN,PKGD-0008,PKGD,1,1,PLT02,01,01,1,10,2025-01-20,2026-10-31,
PKGD-0008,PKGD,TSTD-0008,TSTD,1,1,PLT02,01,01,1,10,2025-07-24,2026-04-05,
TSTD-0008,TSTD,ASMBLD-0008,ASMBLD,1,1,PLT02,01,01,1,10,2026-03-13,2028-02-09,
ASMBLD-0008,ASMBLD,MODULE-0008-A,MODULE,1,1,PLT02,01,01,1,10,2025-09-29,2027-03-20,
ASMBLD-0008,ASMBLD,MODULE-0008-B,MODULE,1,1,PLT02,01,01,1,20,2025-05-21,2026-07-25,
MODULE-0008-A,MODULE,CHIP-0008-01,CHIP,3,1,PLT02,01,01,1,30,2027-06-17,2029-06-22,
MODULE-0008-A,MODULE,CHIP-0008-02,CHIP,3,1,PLT02,01,01,1,88,2027-12-20,2028-06-25,
MODULE-0008-B,MODULE,CHIP-0008-03,CHIP,1,1,PLT02,01,01,1,27,2026-06-26,2027-04-20,
MODULE-0008-B,MODULE,CHIP-0008-04,CHIP,2,1,PLT02,01,01,1,44,2026-08-01,2028-10-08,
CHIP-0008-01,CHIP,DIE-0801,DIE,2,1,PLT02,01,01,1,10,2026-12-04,2027-12-27,
DIE-0801,DIE,WAFER-0801,WAFER,3,1,PLT02,01,01,1,10,2027-11-02,2029-09-12,
WAFER-0801,WAFER,FAB-0801,FAB_OUT,2,1,PLT02,01,01,1,10,2025-04-15,2026-01-14,
FAB-0801,FAB_OUT,RAW-0801,RAW,3,1,PLT02,01,01,1,10,2027-05-18,2028-08-23,
CHIP-0008-02,CHIP,DIE-0802,DIE,1,1,PLT02,01,01,1,10,2025-01-08,2026-06-13,
DIE-0802,DIE,WAFER-0802,WAFER,2,1,PLT02,01,01,1,10,2026-06-21,2027-06-01,
WAFER-0802,WAFER,FAB-0802,FAB_OUT,2,1,PLT02,01,01,1,10,2027-05-26,2029-06-18,
FAB-0802,FAB_OUT,RAW-0802,RAW,1,1,PLT02,01,01,1,10,2025-08-18,2026-05-02,
CHIP-0008-03,CHIP,DIE-0803,DIE,2,1,PLT02,01,01,1,10,2025-03-15,2026-09-24,
DIE-0803,DIE,WAFER-0803,WAFER,2,1,PLT02,01,01,1,10,2027-05-31,2028-04-05,
WAFER-0803,WAFER,FAB-0803,FAB_OUT,1,1,PLT02,01,01,1,10,2026-09-24,2028-03-30,
FAB-0803,FAB_OUT,RAW-0803,RAW,1,1,PLT02,01,01,1,10,2027-01-03,2028-02-02,
CHIP-0008-04,CHIP,DIE-0804,DIE,2,1,PLT02,01,01,1,10,2025-07-30,2027-01-23,
DIE-0804,DIE,WAFER-0804,WAFER,4,1,PLT02,01,01,1,10,2025-11-13,2027-01-09,
WAFER-0804,WAFER,FAB-0804,FAB_OUT,1,1,PLT02,01,01,1,10,2025-12-29,2027-08-23,
FAB-0804,FAB_OUT,RAW-0804,RAW,1,1,PLT02,01,01,1,10,2026-01-03,2028-07-25,
FPN-0009,FPN,PKGD-0009,PKGD,1,1,PLT02,02,01,1,10,2026-05-24,2027-08-20,
PKGD-0009,PKGD,TSTD-0009,TSTD,1,1,PLT02,02,01,1,10,2025-11-23,2028-08-05,
TSTD-0009,TSTD,ASMBLD-0009,ASMBLD,1,1,PLT02,02,01,1,10,2025-08-10,2027-03-04,
FPN-0010,FPN,PKGD-0010,PKGD,1,1,PLT02,01,01,1,10,2026-02-13,2027-11-26,
PKGD-0010,PKGD,TSTD-0010,TSTD,1,1,PLT02,01,01,1,10,2026-12-18,2028-04-23,
TSTD-0010,TSTD,ASMBLD-0010,ASMBLD,1,1,PLT02,01,01,1,10,2026-04-12,2027-05-25,
FPN-0011,FPN,PKGD-0011,PKGD,1,1,PLT03,01,01,1,10,2027-03-28,2028-08-25,
PKGD-0011,PKGD,TSTD-0011,TSTD,1,1,PLT03,01,01,1,10,2026-07-25,2027-04-02,
TSTD-0011,TSTD,ASMBLD-0011,ASMBLD,1,1,PLT03,01,01,1,10,2026-07-26,2028-01-16,
ASMBLD-0011,ASMBLD,MODULE-0011-A,MODULE,1,1,PLT03,01,01,1,10,2026-11-10,2027-06-06,
ASMBLD-0011,ASMBLD,MODULE-0011-B,MODULE,1,1,PLT03,01,01,1,20,2025-08-25,2026-11-15,
ASMBLD-0011,ASMBLD,MODULE-0011-C,MODULE,1,1,PLT03,01,01,1,30,2026-01-01,2028-02-14,
MODULE-0011-A,MODULE,CHIP-0011-01,CHIP,1,1,PLT03,01,01,1,23,2027-06-09,2028-11-23,
MODULE-0011-A,MODULE,CHIP-0011-02,CHIP,3,1,PLT03,01,01,1,65,2027-11-14,2028-09-07,
MODULE-0011-B,MODULE,CHIP-0011-03,CHIP,2,1,PLT03,01,01,1,42,2025-04-01,2027-09-23,
MODULE-0011-B,MODULE,CHIP-0011-04,CHIP,2,1,PLT03,01,01,1,56,2027-06-03,2028-02-09,
MODULE-0011-C,MODULE,CHIP-0011-05,CHIP,1,1,PLT03,01,01,1,48,2027-11-05,2029-03-15,
MODULE-0011-C,MODULE,CHIP-0011-06,CHIP,3,1,PLT03,01,01,1,61,2026-08-29,2028-09-14,
CHIP-0011-01,CHIP,DIE-1101,DIE,2,1,PLT03,01,01,1,10,2026-01-28,2027-09-30,
DIE-1101,DIE,WAFER-1101,WAFER,4,1,PLT03,01,01,1,10,2025-12-23,2028-03-12,
WAFER-1101,WAFER,FAB-1101,FAB_OUT,2,1,PLT03,01,01,1,10,2027-04-12,2029-04-22,
FAB-1101,FAB_OUT,RAW-1101,RAW,1,1,PLT03,01,01,1,10,2026-09-15,2028-01-01,
CHIP-0011-02,CHIP,DIE-1102,DIE,2,1,PLT03,01,01,1,10,2027-05-31,2030-02-08,
DIE-1102,DIE,WAFER-1102,WAFER,3,1,PLT03,01,01,1,10,2027-08-11,2029-05-04,
WAFER-1102,WAFER,FAB-1102,FAB_OUT,2,1,PLT03,01,01,1,10,2026-03-14,2028-02-15,
FAB-1102,FAB_OUT,RAW-1102,RAW,2,1,PLT03,01,01,1,10,2025-12-14,2028-04-16,
CHIP-0011-03,CHIP,DIE-1103,DIE,1,1,PLT03,01,01,1,10,2026-08-05,2028-07-12,
DIE-1103,DIE,WAFER-1103,WAFER,3,1,PLT03,01,01,1,10,2025-07-11,2028-02-15,
WAFER-1103,WAFER,FAB-1103,FAB_OUT,1,1,PLT03,01,01,1,10,2026-09-28,2027-11-12,
FAB-1103,FAB_OUT,RAW-1103,RAW,1,1,PLT03,01,01,1,10,2025-10-29,2026-05-22,
CHIP-0011-04,CHIP,DIE-1104,DIE,1,1,PLT03,01,01,1,10,2026-05-17,2028-03-13,
DIE-1104,DIE,WAFER-1104,WAFER,1,1,PLT03,01,01,1,10,2027-07-22,2029-03-17,
WAFER-1104,WAFER,FAB-1104,FAB_OUT,1,1,PLT03,01,01,1,10,2027-02-26,2029-01-12,
FAB-1104,FAB_OUT,RAW-1104,RAW,2,1,PLT03,01,01,1,10,2026-05-15,2027-04-11,
CHIP-0011-05,CHIP,DIE-1105,DIE,1,1,PLT03,01,01,1,10,2025-08-07,2028-04-10,
DIE-1105,DIE,WAFER-1105,WAFER,4,1,PLT03,01,01,1,10,2026-03-25,2027-03-20,
WAFER-1105,WAFER,FAB-1105,FAB_OUT,2,1,PLT03,01,01,1,10,2025-04-13,2027-05-03,
FAB-1105,FAB_OUT,RAW-1105,RAW,1,1,PLT03,01,01,1,10,2025-09-06,2027-06-15,
CHIP-0011-06,CHIP,DIE-1106,DIE,2,1,PLT03,01,01,1,10,2027-08-10,2029-12-20,
DIE-1106,DIE,WAFER-1106,WAFER,3,1,PLT03,01,01,1,10,2027-06-26,2029-09-10,
WAFER-1106,WAFER,FAB-1106,FAB_OUT,2,1,PLT03,01,01,1,10,2027-07-03,2028-06-09,
FAB-1106,FAB_OUT,RAW-1106,RAW,3,1,PLT03,01,01,1,10,2027-08-31,2029-06-01,
FPN-0012,FPN,PKGD-0012,PKGD,1,1,PLT02,01,01,1,10,2026-07-22,2029-03-12,
PKGD-0012,PKGD,TSTD-0012,TSTD,1,1,PLT02,01,01,1,10,2027-12-04,2029-10-10,
TSTD-0012,TSTD,ASMBLD-0012,ASMBLD,1,1,PLT02,01,01,1,10,2026-05-05,2027-08-09,
ASMBLD-0012,ASMBLD,MODULE-0012-A,MODULE,1,1,PLT02,01,01,1,10,2025-06-08,2027-12-05,
ASMBLD-0012,ASMBLD,MODULE-0012-B,MODULE,1,1,PLT02,01,01,1,20,2026-08-09,2027-10-03,
ASMBLD-0012,ASMBLD,MODULE-0012-C,MODULE,1,1,PLT02,01,01,1,30,2026-07-11,2027-12-16,
MODULE-0012-A,MODULE,CHIP-0012-01,CHIP,1,1,PLT02,01,01,1,27,2025-11-05,2026-12-26,
MODULE-0012-A,MODULE,CHIP-0012-02,CHIP,4,1,PLT02,01,01,1,29,2026-03-15,2026-11-15,
MODULE-0012-B,MODULE,CHIP-0012-03,CHIP,4,1,PLT02,01,01,1,63,2025-05-08,2026-06-03,
MODULE-0012-B,MODULE,CHIP-0012-04,CHIP,4,1,PLT02,01,01,1,84,2025-02-10,2027-10-01,
MODULE-0012-C,MODULE,CHIP-0012-05,CHIP,3,1,PLT02,01,01,1,48,2027-03-10,2028-11-08,
MODULE-0012-C,MODULE,CHIP-0012-06,CHIP,2,1,PLT02,01,01,1,72,2026-03-26,2027-06-28,
CHIP-0012-01,CHIP,DIE-1201,DIE,4,1,PLT02,01,01,1,10,2027-09-22,2028-04-18,
DIE-1201,DIE,WAFER-1201,WAFER,4,1,PLT02,01,01,1,10,2026-11-20,2029-04-02,
WAFER-1201,WAFER,FAB-1201,FAB_OUT,2,1,PLT02,01,01,1,10,2025-12-05,2027-09-24,
FAB-1201,FAB_OUT,RAW-1201,RAW,1,1,PLT02,01,01,1,10,2027-12-30,2028-07-24,
CHIP-0012-02,CHIP,DIE-1202,DIE,4,1,PLT02,01,01,1,10,2025-02-25,2025-11-17,
DIE-1202,DIE,WAFER-1202,WAFER,4,1,PLT02,01,01,1,10,2025-10-05,2027-07-19,
WAFER-1202,WAFER,FAB-1202,FAB_OUT,1,1,PLT02,01,01,1,10,2025-04-13,2026-07-03,
FAB-1202,FAB_OUT,RAW-1202,RAW,2,1,PLT02,01,01,1,10,2026-11-02,2027-12-03,
CHIP-0012-03,CHIP,DIE-1203,DIE,4,1,PLT02,01,01,1,10,2026-11-01,2028-04-09,
DIE-1203,DIE,WAFER-1203,WAFER,4,1,PLT02,01,01,1,10,2026-07-24,2029-02-28,
WAFER-1203,WAFER,FAB-1203,FAB_OUT,2,1,PLT02,01,01,1,10,2026-06-01,2027-02-19,
FAB-1203,FAB_OUT,RAW-1203,RAW,2,1,PLT02,01,01,1,10,2025-02-09,2027-09-14,
CHIP-0012-04,CHIP,DIE-1204,DIE,1,1,PLT02,01,01,1,10,2026-12-18,2028-01-31,
DIE-1204,DIE,WAFER-1204,WAFER,1,1,PLT02,01,01,1,10,2025-03-24,2027-11-01,
WAFER-1204,WAFER,FAB-1204,FAB_OUT,1,1,PLT02,01,01,1,10,2026-05-22,2027-06-10,
FAB-1204,FAB_OUT,RAW-1204,RAW,1,1,PLT02,01,01,1,10,2025-11-09,2027-01-07,
CHIP-0012-05,CHIP,DIE-1205,DIE,2,1,PLT02,01,01,1,10,2027-08-28,2030-01-09,
DIE-1205,DIE,WAFER-1205,WAFER,1,1,PLT02,01,01,1,10,2026-03-23,2028-01-08,
WAFER-1205,WAFER,FAB-1205,FAB_OUT,2,1,PLT02,01,01,1,10,2027-01-26,2028-01-12,
FAB-1205,FAB_OUT,RAW-1205,RAW,3,1,PLT02,01,01,1,10,2025-08-23,2028-04-25,
CHIP-0012-06,CHIP,DIE-1206,DIE,2,1,PLT02,01,01,1,10,2026-09-30,2027-07-17,
DIE-1206,DIE,WAFER-1206,WAFER,1,1,PLT02,01,01,1,10,2026-10-01,2028-11-08,
WAFER-1206,WAFER,FAB-1206,FAB_OUT,2,1,PLT02,01,01,1,10,2027-03-24,2029-09-21,
FAB-1206,FAB_OUT,RAW-1206,RAW,1,1,PLT02,01,01,1,10,2025-06-05,2027-07-31,
FPN-0013,FPN,PKGD-0013,PKGD,1,1,PLT03,01,01,1,10,2025-07-28,2028-01-07,
PKGD-0013,PKGD,TSTD-0013,TSTD,1,1,PLT03,01,01,1,10,2026-09-10,2029-02-06,
TSTD-0013,TSTD,ASMBLD-0013,ASMBLD,1,1,PLT03,01,01,1,10,2025-09-05,2028-05-27,
FPN-0014,FPN,PKGD-0014,PKGD,1,1,PLT02,02,01,1,10,2027-01-29,2027-10-06,
PKGD-0014,PKGD,TSTD-0014,TSTD,1,1,PLT02,02,01,1,10,2027-11-03,2030-02-23,
TSTD-0014,TSTD,ASMBLD-0014,ASMBLD,1,1,PLT02,02,01,1,10,2026-11-30,2027-06-10,
ASMBLD-0014,ASMBLD,MODULE-0014-A,MODULE,1,1,PLT02,02,01,1,10,2027-10-01,2028-07-15,
ASMBLD-0014,ASMBLD,MODULE-0014-B,MODULE,1,1,PLT02,02,01,1,20,2027-06-07,2028-12-08,
ASMBLD-0014,ASMBLD,MODULE-0014-C,MODULE,1,1,PLT02,02,01,1,30,2027-07-31,2030-01-20,
MODULE-0014-A,MODULE,CHIP-0014-01,CHIP,4,1,PLT02,02,01,1,32,2027-12-05,2030-03-30,
MODULE-0014-B,MODULE,CHIP-0014-02,CHIP,4,1,PLT02,02,01,1,69,2027-06-12,2029-12-26,
MODULE-0014-B,MODULE,CHIP-0014-03,CHIP,3,1,PLT02,02,01,1,41,2025-06-27,2026-10-05,
MODULE-0014-C,MODULE,CHIP-0014-02,CHIP,4,1,PLT02,02,01,1,53,2025-02-28,2027-01-15,
MODULE-0014-C,MODULE,CHIP-0014-04,CHIP,2,1,PLT02,02,01,1,72,2026-03-11,2027-09-05,
CHIP-0014-01,CHIP,DIE-1401,DIE,3,1,PLT02,02,01,1,10,2026-11-29,2028-03-09,
DIE-1401,DIE,WAFER-1401,WAFER,3,1,PLT02,02,01,1,10,2025-01-21,2026-12-31,
WAFER-1401,WAFER,FAB-1401,FAB_OUT,1,1,PLT02,02,01,1,10,2025-06-25,2026-08-26,
FAB-1401,FAB_OUT,RAW-1401,RAW,3,1,PLT02,02,01,1,10,2027-04-13,2029-02-21,
CHIP-0014-02,CHIP,DIE-1402,DIE,2,1,PLT02,02,01,1,10,2027-09-03,2029-12-22,
DIE-1402,DIE,WAFER-1402,WAFER,4,1,PLT02,02,01,1,10,2027-07-07,2030-03-24,
WAFER-1402,WAFER,FAB-1402,FAB_OUT,1,1,PLT02,02,01,1,10,2025-07-10,2026-11-03,
FAB-1402,FAB_OUT,RAW-1402,RAW,1,1,PLT02,02,01,1,10,2027-04-09,2029-09-13,
CHIP-0014-03,CHIP,DIE-1403,DIE,2,1,PLT02,02,01,1,10,2026-09-20,2029-01-26,
DIE-1403,DIE,WAFER-1403,WAFER,3,1,PLT02,02,01,1,10,2027-08-28,2029-09-12,
WAFER-1403,WAFER,FAB-1403,FAB_OUT,2,1,PLT02,02,01,1,10,2027-05-22,2029-12-20,
FAB-1403,FAB_OUT,RAW-1403,RAW,3,1,PLT02,02,01,1,10,2026-11-09,2028-05-02,
CHIP-0014-04,CHIP,DIE-1404,DIE,4,1,PLT02,02,01,1,10,2026-07-09,2027-11-14,
DIE-1404,DIE,WAFER-1404,WAFER,3,1,PLT02,02,01,1,10,2026-04-18,2027-02-15,
WAFER-1404,WAFER,FAB-1404,FAB_OUT,1,1,PLT02,02,01,1,10,2026-10-09,2027-08-07,
FAB-1404,FAB_OUT,RAW-1404,RAW,3,1,PLT02,02,01,1,10,2026-01-15,2027-01-26,
FPN-0015,FPN,PKGD-0015,PKGD,1,1,PLT01,02,01,1,10,2026-07-21,2029-01-27,
PKGD-0015,PKGD,TSTD-0015,TSTD,1,1,PLT01,02,01,1,10,2027-12-11,2030-02-09,
TSTD-0015,TSTD,ASMBLD-0015,ASMBLD,1,1,PLT01,02,01,1,10,2026-08-03,2027-05-12,
ASMBLD-0015,ASMBLD,MODULE-0015-A,MODULE,1,1,PLT01,02,01,1,10,2026-08-30,2027-10-16,
MODULE-0015-A,MODULE,CHIP-0015-01,CHIP,2,1,PLT01,02,01,1,48,2025-01-29,2027-07-23,
MODULE-0015-A,MODULE,CHIP-0015-02,CHIP,2,1,PLT01,02,01,1,45,2025-04-04,2025-11-25,
CHIP-0015-01,CHIP,DIE-1501,DIE,3,1,PLT01,02,01,1,10,2025-09-16,2027-12-28,
DIE-1501,DIE,WAFER-1501,WAFER,4,1,PLT01,02,01,1,10,2025-07-30,2026-02-07,
WAFER-1501,WAFER,FAB-1501,FAB_OUT,2,1,PLT01,02,01,1,10,2027-08-20,2029-06-20,
FAB-1501,FAB_OUT,RAW-1501,RAW,2,1,PLT01,02,01,1,10,2026-11-29,2027-12-02,
CHIP-0015-02,CHIP,DIE-1502,DIE,1,1,PLT01,02,01,1,10,2026-06-02,2028-04-01,
DIE-1502,DIE,WAFER-1502,WAFER,1,1,PLT01,02,01,1,10,2025-05-14,2026-12-25,
WAFER-1502,WAFER,FAB-1502,FAB_OUT,2,1,PLT01,02,01,1,10,2025-06-01,2027-07-11,
FAB-1502,FAB_OUT,RAW-1502,RAW,3,1,PLT01,02,01,1,10,2025-04-20,2026-03-21,
FPN-0016,FPN,PKGD-0016,PKGD,1,1,PLT01,02,01,1,10,2025-06-24,2026-09-01,
PKGD-0016,PKGD,TSTD-0016,TSTD,1,1,PLT01,02,01,1,10,2025-08-31,2027-09-21,
TSTD-0016,TSTD,ASMBLD-0016,ASMBLD,1,1,PLT01,02,01,1,10,2027-05-03,2029-07-11,
ASMBLD-0016,ASMBLD,MODULE-0016-A,MODULE,1,1,PLT01,02,01,1,10,2027-12-07,2029-06-28,
MODULE-0016-A,MODULE,CHIP-0016-01,CHIP,4,1,PLT01,02,01,1,48,2027-05-29,2028-10-02,
MODULE-0016-A,MODULE,CHIP-0016-02,CHIP,1,1,PLT01,02,01,1,88,2025-07-23,2028-03-10,
CHIP-0016-01,CHIP,DIE-1601,DIE,2,1,PLT01,02,01,1,10,2026-03-09,2027-06-02,
DIE-1601,DIE,WAFER-1601,WAFER,1,1,PLT01,02,01,1,10,2025-11-18,2027-01-17,
WAFER-1601,WAFER,FAB-1601,FAB_OUT,1,1,PLT01,02,01,1,10,2025-06-03,2026-05-09,
FAB-1601,FAB_OUT,RAW-1601,RAW,1,1,PLT01,02,01,1,10,2027-04-17,2029-01-17,
CHIP-0016-02,CHIP,DIE-1602,DIE,4,1,PLT01,02,01,1,10,2026-08-20,2027-03-21,
DIE-1602,DIE,WAFER-1602,WAFER,2,1,PLT01,02,01,1,10,2026-08-14,2029-02-02,
WAFER-1602,WAFER,FAB-1602,FAB_OUT,2,1,PLT01,02,01,1,10,2027-07-19,2028-03-27,
FAB-1602,FAB_OUT,RAW-1602,RAW,3,1,PLT01,02,01,1,10,2026-04-24,2027-07-18,
FPN-0017,FPN,PKGD-0017,PKGD,1,1,PLT03,01,01,1,10,2027-05-21,2028-03-13,
PKGD-0017,PKGD,TSTD-0017,TSTD,1,1,PLT03,01,01,1,10,2026-04-06,2028-07-27,
TSTD-0017,TSTD,ASMBLD-0017,ASMBLD,1,1,PLT03,01,01,1,10,2025-11-02,2027-01-28,
ASMBLD-0017,ASMBLD,MODULE-0017-A,MODULE,1,1,PLT03,01,01,1,10,2025-05-27,2026-01-23,
MODULE-0017-A,MODULE,CHIP-0017-01,CHIP,3,1,PLT03,01,01,1,86,2026-08-15,2028-05-05,
CHIP-0017-01,CHIP,DIE-1701,DIE,1,1,PLT03,01,01,1,10,2027-08-18,2030-01-19,
DIE-1701,DIE,WAFER-1701,WAFER,3,1,PLT03,01,01,1,10,2027-04-05,2028-07-06,
WAFER-1701,WAFER,FAB-1701,FAB_OUT,2,1,PLT03,01,01,1,10,2027-06-16,2028-03-04,
FAB-1701,FAB_OUT,RAW-1701,RAW,3,1,PLT03,01,01,1,10,2025-03-23,2026-12-05,
FPN-0018,FPN,PKGD-0018,PKGD,1,1,PLT03,02,01,1,10,2026-05-28,2026-12-20,
PKGD-0018,PKGD,TSTD-0018,TSTD,1,1,PLT03,02,01,1,10,2025-07-07,2026-08-25,
TSTD-0018,TSTD,ASMBLD-0018,ASMBLD,1,1,PLT03,02,01,1,10,2025-02-12,2027-10-03,
ASMBLD-0018,ASMBLD,MODULE-0018-A,MODULE,1,1,PLT03,02,01,1,10,2025-03-24,2027-11-10,
ASMBLD-0018,ASMBLD,MODULE-0018-B,MODULE,1,1,PLT03,02,01,1,20,2025-12-25,2027-10-17,
MODULE-0018-A,MODULE,CHIP-0018-01,CHIP,3,1,PLT03,02,01,1,33,2027-06-12,2029-09-19,
MODULE-0018-A,MODULE,CHIP-0018-02,CHIP,4,1,PLT03,02,01,1,21,2027-08-21,2029-02-07,
MODULE-0018-B,MODULE,CHIP-0018-01,CHIP,2,1,PLT03,02,01,1,52,2027-04-24,2029-09-30,
MODULE-0018-B,MODULE,CHIP-0018-03,CHIP,4,1,PLT03,02,01,1,80,2025-03-17,2026-12-22,
CHIP-0018-01,CHIP,DIE-1801,DIE,1,1,PLT03,02,01,1,10,2026-10-07,2027-12-19,
DIE-1801,DIE,WAFER-1801,WAFER,3,1,PLT03,02,01,1,10,2025-08-26,2028-04-23,
WAFER-1801,WAFER,FAB-1801,FAB_OUT,2,1,PLT03,02,01,1,10,2027-11-20,2028-05-19,
FAB-1801,FAB_OUT,RAW-1801,RAW,3,1,PLT03,02,01,1,10,2027-08-05,2029-03-30,
CHIP-0018-02,CHIP,DIE-1802,DIE,1,1,PLT03,02,01,1,10,2026-01-20,2027-12-31,
DIE-1802,DIE,WAFER-1802,WAFER,3,1,PLT03,02,01,1,10,2027-10-18,2030-01-15,
WAFER-1802,WAFER,FAB-1802,FAB_OUT,2,1,PLT03,02,01,1,10,2025-04-16,2026-05-09,
FAB-1802,FAB_OUT,RAW-1802,RAW,2,1,PLT03,02,01,1,10,2025-09-26,2027-01-13,
CHIP-0018-03,CHIP,DIE-1803,DIE,4,1,PLT03,02,01,1,10,2027-09-20,2028-07-20,
DIE-1803,DIE,WAFER-1803,WAFER,1,1,PLT03,02,01,1,10,2026-05-06,2028-10-28,
WAFER-1803,WAFER,FAB-1803,FAB_OUT,1,1,PLT03,02,01,1,10,2026-09-29,2028-10-12,
FAB-1803,FAB_OUT,RAW-1803,RAW,1,1,PLT03,02,01,1,10,2027-04-16,2028-01-16,
FPN-0019,FPN,PKGD-0019,PKGD,1,1,PLT01,01,01,1,10,2027-08-04,2028-05-30,
PKGD-0019,PKGD,TSTD-0019,TSTD,1,1,PLT01,01,01,1,10,2025-11-12,2027-10-03,
TSTD-0019,TSTD,ASMBLD-0019,ASMBLD,1,1,PLT01,01,01,1,10,2026-08-21,2028-07-22,
ASMBLD-0019,ASMBLD,MODULE-0019-A,MODULE,1,1,PLT01,01,01,1,10,2027-05-01,2029-03-05,
ASMBLD-0019,ASMBLD,MODULE-0019-B,MODULE,1,1,PLT01,01,01,1,20,2027-08-26,2028-10-28,
MODULE-0019-A,MODULE,CHIP-0019-01,CHIP,2,1,PLT01,01,01,1,59,2026-01-26,2028-03-29,
MODULE-0019-A,MODULE,CHIP-0019-02,CHIP,2,1,PLT01,01,01,1,18,2026-07-20,2029-03-17,
MODULE-0019-B,MODULE,CHIP-0019-02,CHIP,1,1,PLT01,01,01,1,46,2026-09-04,2028-10-24,
MODULE-0019-B,MODULE,CHIP-0019-03,CHIP,4,1,PLT01,01,01,1,29,2027-07-04,2029-07-04,
CHIP-0019-01,CHIP,DIE-1901,DIE,4,1,PLT01,01,01,1,10,2026-12-08,2028-05-11,
DIE-1901,DIE,WAFER-1901,WAFER,4,1,PLT01,01,01,1,10,2027-07-22,2028-12-12,
WAFER-1901,WAFER,FAB-1901,FAB_OUT,1,1,PLT01,01,01,1,10,2026-05-05,2028-06-08,
FAB-1901,FAB_OUT,RAW-1901,RAW,2,1,PLT01,01,01,1,10,2026-04-24,2028-12-23,
CHIP-0019-02,CHIP,DIE-1902,DIE,4,1,PLT01,01,01,1,10,2025-03-31,2026-08-18,
DIE-1902,DIE,WAFER-1902,WAFER,4,1,PLT01,01,01,1,10,2027-02-20,2028-09-17,
WAFER-1902,WAFER,FAB-1902,FAB_OUT,1,1,PLT01,01,01,1,10,2027-10-12,2028-05-16,
FAB-1902,FAB_OUT,RAW-1902,RAW,1,1,PLT01,01,01,1,10,2027-10-26,2029-12-18,
CHIP-0019-03,CHIP,DIE-1903,DIE,3,1,PLT01,01,01,1,10,2025-07-25,2027-04-16,
DIE-1903,DIE,WAFER-1903,WAFER,1,1,PLT01,01,01,1,10,2027-12-14,2029-09-21,
WAFER-1903,WAFER,FAB-1903,FAB_OUT,1,1,PLT01,01,01,1,10,2025-10-23,2027-06-14,
FAB-1903,FAB_OUT,RAW-1903,RAW,3,1,PLT01,01,01,1,10,2025-11-13,2026-07-27,
FPN-0020,FPN,PKGD-0020,PKGD,1,1,PLT02,02,01,1,10,2026-11-25,2029-02-20,
PKGD-0020,PKGD,TSTD-0020,TSTD,1,1,PLT02,02,01,1,10,2027-03-26,2029-07-18,
TSTD-0020,TSTD,ASMBLD-0020,ASMBLD,1,1,PLT02,02,01,1,10,2025-06-14,2026-11-12,
ASMBLD-0020,ASMBLD,MODULE-0020-A,MODULE,1,1,PLT02,02,01,1,10,2026-10-11,2029-01-09,
ASMBLD-0020,ASMBLD,MODULE-0020-B,MODULE,1,1,PLT02,02,01,1,20,2027-09-27,2029-09-30,
ASMBLD-0020,ASMBLD,MODULE-0020-C,MODULE,1,1,PLT02,02,01,1,30,2025-03-15,2027-06-05,
MODULE-0020-A,MODULE,CHIP-0020-01,CHIP,2,1,PLT02,02,01,1,90,2026-08-12,2027-09-28,
MODULE-0020-B,MODULE,CHIP-0020-02,CHIP,1,1,PLT02,02,01,1,22,2027-06-28,2028-06-12,
MODULE-0020-C,MODULE,CHIP-0020-03,CHIP,1,1,PLT02,02,01,1,51,2025-04-25,2026-08-18,
MODULE-0020-C,MODULE,CHIP-0020-02,CHIP,2,1,PLT02,02,01,1,41,2027-12-24,2029-08-16,
CHIP-0020-01,CHIP,DIE-2001,DIE,2,1,PLT02,02,01,1,10,2025-12-15,2026-12-09,
DIE-2001,DIE,WAFER-2001,WAFER,1,1,PLT02,02,01,1,10,2027-02-23,2029-05-17,
WAFER-2001,WAFER,FAB-2001,FAB_OUT,1,1,PLT02,02,01,1,10,2027-10-17,2029-12-02,
FAB-2001,FAB_OUT,RAW-2001,RAW,1,1,PLT02,02,01,1,10,2026-04-21,2028-02-02,
CHIP-0020-02,CHIP,DIE-2002,DIE,3,1,PLT02,02,01,1,10,2027-07-31,2028-10-14,
DIE-2002,DIE,WAFER-2002,WAFER,1,1,PLT02,02,01,1,10,2027-08-11,2028-11-27,
WAFER-2002,WAFER,FAB-2002,FAB_OUT,1,1,PLT02,02,01,1,10,2025-06-01,2027-02-23,
FAB-2002,FAB_OUT,RAW-2002,RAW,2,1,PLT02,02,01,1,10,2026-09-05,2028-12-17,
CHIP-0020-03,CHIP,DIE-2003,DIE,4,1,PLT02,02,01,1,10,2026-05-28,2028-03-05,
DIE-2003,DIE,WAFER-2003,WAFER,3,1,PLT02,02,01,1,10,2026-02-12,2027-09-08,
WAFER-2003,WAFER,FAB-2003,FAB_OUT,2,1,PLT02,02,01,1,10,2025-08-07,2026-10-03,
FAB-2003,FAB_OUT,RAW-2003,RAW,2,1,PLT02,02,01,1,10,2027-01-06,2029-02-12,
